{
  "trained_at": "2026-06-26T23:09:51",
  "dataset_size": 2094,
  "fraud_count": 1204,
  "legit_count": 890,
  "feature_count": 6574,
  "model_type": "XGBClassifier",
  "smote_applied": true,
  "scale_pos_weight": 2.0,
  "metrics": {
    "precision": 0.995850622406639,
    "recall": 0.995850622406639,
    "f1": 0.995850622406639,
    "accuracy": 0.9952267303102625,
    "false_positive_rate": 0.0056179775280898875
  }
}